F1,F2,F3,F4,F5,F6,F7,F8,F9,F10,F11,F12,F13,F14,F15,F16,F17,F18,F19,F20,Class
0,0,16,2.02,0.52,-2.35,-1.98,-0.7,85,6,-2.07,-0.07,1.08,15,-0.63,-3.49,-1.68,0.02,15.3,NaN,True
0,0,86,-0.9,2.75,0.14,0.83,-0.06,107,1,-0.86,0.17,1.06,-8,-1.21,0.34,0.36,0.61,10.1,NaN,True
1,1,165,0.73,1.05,0.1,2.57,-1.65,41,5,0.08,0.04,0.42,-6,-0.46,-0.62,1.67,2.6,11,1.55,False
1,1,191,-1.5,0.79,0.33,1.24,1.35,17,2,-0.85,1.74,1.74,15,0.47,0.63,0.08,0.19,6.3,0.95,False
1,1,13,0.25,-1.19,-0.9,2.67,0.22,12,8,0.68,-0.39,1.25,25,-0.09,-2.41,-0.53,-0.77,10.5,NaN,True
0,1,113,-1.73,3.3,1.02,0.68,-0.75,79,17,0.6,-0.93,0.6,-13,-1.06,3.49,1.09,-0.14,16.9,-0.77,True
0,0,85,2.78,0.48,-0.52,1.54,-0.48,81,4,0.44,0.26,0.61,-14,1.1,3,0.04,0.74,10.8,-3.83,False
0,1,38,1.37,-0.24,-1.65,-1.48,-0.14,65,-26,-1.96,0.35,2.27,-10,0.69,-0.43,-0.9,-0.86,7.9,-0.17,True
0,0,23,-1.44,-0.57,0.48,-0.27,-0.95,39,-5,-0.71,0.63,0.85,15,-2.19,1.86,1.17,-0.36,4.6,-0.51,True
1,1,7,-0.1,0.26,-0.45,0.22,-0.56,45,-6,-0.71,-0.23,2.36,18,-1.68,-1.58,-1.3,-0.1,1.6,-0.73,True
0,1,21,1.22,-0.44,-1.28,0.15,0.03,38,18,-0.61,-1.03,0.83,0,-0.58,3.05,-0.87,1.41,4.3,-1.01,True
1,0,65,-1.35,0.86,1.64,1.4,-1.37,44,-10,-0.05,-0.7,0.26,-4,-0.54,2.11,0.82,1.08,9.1,0.07,False
1,1,95,1.77,-0.16,1.15,0.56,-0.31,18,25,-0.24,-1.7,1.27,19,-0.07,0.05,0.39,1.11,5.9,-1.75,True
1,0,242,-0.5,0.2,-1.35,0.89,-0.58,19,11,-0.94,0.68,0.07,31,-0.29,-0.73,0.03,0.73,4.2,-1.07,True
1,1,7,0.32,0.42,0.55,2.02,-1.1,3,-9,1.14,-1.82,1.88,11,0.2,2.64,0.73,-1.36,6.9,0.41,True
1,0,224,-0.77,0.88,-0.13,3.12,-0.39,41,-8,0.84,0.56,0.19,9,-0.3,2.59,0.42,-0.93,11.3,NaN,False
0,1,72,1.34,-0.08,0.16,0.05,-0.69,36,10,-0.98,0.39,1.76,-9,0.53,-0.79,0.77,0.38,3.3,1.23,True
0,1,200,0.46,0.53,-1.33,1.44,-0.52,104,-5,0.57,0.35,2.01,2,0.92,0.73,-1.06,-0.12,4.6,-4.39,False
0,0,62,0.49,0.53,1.49,1.29,0.47,30,22,0.01,-2.19,0.3,-5,-0.72,-0.02,0.04,-0.53,4.6,-0.45,False
0,1,23,-2.03,0.33,0.17,2.28,0.04,46,13,0.08,0.18,0.47,16,-0.76,-1,0.89,-0.56,9.5,0.71,False
1,0,150,-0.5,0.55,-1.23,1.84,-0.76,26,-4,-0.17,1.78,1.46,-8,-0.03,1.21,0.56,-0.26,6,1.75,False
1,1,89,1.56,0.18,1.15,0.04,-1.9,11,2,-1.35,0.38,0.55,10,0.88,-0.43,-0.73,-0.73,8.4,-0.03,True
0,0,5,1.5,-0.63,1.56,2.03,0.73,70,-19,1.17,0.62,0.91,12,-1.16,2.39,0.08,0.86,10.7,-2.83,True
1,0,64,-1.19,-1.22,0.13,2.59,-0.15,37,29,0.41,0.31,0.67,-11,-1.04,1.43,-0.57,1.41,10.7,3.45,True
0,0,149,-1.47,-0.17,-0.4,2.14,-0.72,28,20,0.16,-1.72,0.84,16,-0.34,0.18,1.22,0.53,7.4,NaN,False
1,1,86,-0.19,-1.14,-0.38,-0.44,-0.2,27,2,-1.27,-0.76,0.1,-13,-1.23,-1.83,-1.07,0.76,1.7,0.85,False
1,0,118,-3.99,-1.14,-0.5,-1.03,1.12,52,14,-2.23,0.04,1.14,26,1.55,-2.46,0.31,1.17,20.8,-0.99,True
1,0,281,-1.9,-0.67,-0.77,2.41,0.83,17,-11,0.59,-0.49,1.91,-9,0.91,-0.03,0.19,-0.02,11.1,1.75,False
1,0,63,-4.3,1.05,-0.93,-0.58,0.14,18,8,-0.75,1.14,1.78,-12,0.4,-1.71,-0.8,-0.31,20.8,NaN,False
0,1,140,1.14,-0.25,2.56,0.06,-0.1,18,27,-1.1,1.57,0.07,6,0.37,1.19,2.62,-0.8,7.9,NaN,False
1,1,96,0.38,-0.83,0.49,2.06,-0.67,22,1,1.09,-0.27,0.07,13,-1.35,-0.06,-0.58,-0.66,6.8,0.01,True
0,1,153,-1.26,-0.85,0.45,-0.82,0.58,0,28,-1.54,1,1.17,-6,0.39,-1.07,0.15,-1.11,3.5,NaN,False
1,1,80,-0.5,0.6,0.76,0.01,-1.57,2,7,-0.13,-1.13,1.77,-5,0.49,0.42,-0.21,-1.4,3.7,0.55,False
1,1,100,0.82,-0.46,2.39,0.16,0.25,6,19,0.03,0.95,0.71,43,0.91,2.57,0.51,0.23,6.7,-4.31,False
0,1,79,2.34,1.71,0.63,1.72,0.24,25,34,0.99,-0.59,0.03,-4,-0.13,0.24,0.8,1.71,11.8,NaN,False
1,0,79,-0.45,-0.81,0.86,1.73,0.71,2,30,1.66,0.74,1.01,-5,-1.02,1.06,0.51,0.34,5.1,-0.07,False
1,1,34,-2.71,-1.12,-2.1,1.58,-0.76,47,17,0.19,0.38,1.11,-14,0.64,-1.42,-0.26,-0.78,16.1,NaN,False
1,1,56,-0.99,-0.7,-1.46,-0.87,-0.32,35,13,-0.93,-0.35,0.27,-8,-0.56,-0.14,0.03,-0.54,4.5,NaN,False
1,0,17,-0.83,0.26,0.94,-0.39,0.24,76,-16,-0.72,0.02,2.77,-14,-0.85,0.45,0.39,0.18,2.8,-0.33,True
1,1,43,-0.37,-1.82,0.98,0.23,-0.8,53,18,-1.25,-0.3,1.33,-4,-1.04,1.3,-0.42,1.88,5.1,NaN,False
1,1,174,-1.13,-1.79,1.06,3.93,0.75,49,5,0.92,-0.11,0.05,5,0.05,-0.83,0.38,-0.37,22.6,4.43,True
1,0,179,-0.29,0.04,-0.14,2.71,0.55,62,11,1.43,-2.08,0.13,-2,-0.67,1.31,-0.54,0.43,8.8,0.13,True
1,0,36,1.61,-0.61,-1.28,1.96,0.99,65,14,0.79,-1.3,0.19,-7,3.26,1.06,-0.37,-0.31,9.4,-2.57,False
1,1,26,-0.19,-0.97,0.08,0.54,-2.27,34,-9,0.09,0.23,1.35,55,0.79,-0.27,-0.21,0.06,7.4,-5.13,True
1,1,123,0.25,-0.55,0.17,0.55,-0.05,7,19,0.39,0.52,2.05,11,1.81,2.29,0.06,0.19,0.7,NaN,False
1,0,213,-0.39,-0.83,-1.27,2.98,-1.52,23,-2,1.11,0,2.33,11,0.02,1.1,0.65,2.03,13.6,NaN,False
1,0,102,-1.15,0.95,1.49,1.81,-0.85,42,-7,1.33,-0.39,1.18,1,-0.61,1.53,-0.36,0.56,8.4,-0.49,False
1,0,54,1.03,0.94,0.23,3.51,-0.38,57,8,1.58,-0.08,0.01,-5,-0.95,-0.71,0.06,-0.55,14.5,NaN,False
0,0,219,-1.41,-0.29,-2.9,-1.32,-0.43,43,26,-1.84,0.08,0.35,-10,-0.9,-1.13,-0.82,-1.38,13.4,1.15,True
1,1,265,-0.17,1.39,2.08,0.11,0.7,28,-5,-0.13,0.96,1.65,32,-1.06,0.89,-0.3,-0.66,6.8,NaN,False
1,0,32,-2.16,-0.06,-0.11,3.07,-0.13,62,38,1.95,0.33,2.08,-9,-0.13,-1.09,-1.09,-0.17,14.1,0.25,False
1,1,58,0.89,-0.81,-0.21,2.15,-1.39,34,45,0.21,1.22,0.41,12,-1.07,-2.31,-0.56,0.2,8,-0.63,False
1,1,127,-0.18,-0.37,1.42,1.2,-0.97,3,-12,-1.78,-0.13,2,-6,1.32,0.34,-0.67,0.17,4.6,NaN,False
0,0,62,-1.39,0.91,0.76,2.26,1.89,61,0,1.62,-1.26,0.58,6,0.06,-2.99,-0.65,0.72,13,-0.65,True
1,1,20,-1.46,-1.5,-0.49,-0.91,-0.24,12,7,-2.05,0.29,2.78,12,-0.38,-0.01,0.6,0.85,6.5,NaN,True
0,0,58,-0.54,-0.98,-1.13,1.96,0.77,9,-27,1.09,1.16,0.37,0,-0.09,-1.6,-1.61,0.77,8,1.97,True
1,0,83,1.27,1.46,0.97,1.52,1.61,9,21,-0.1,-0.96,0.06,-12,0.97,0.28,-0.31,-0.75,9.6,NaN,False
1,0,26,-1.12,0.28,2.54,2.71,-0.43,9,2,1,-1.98,1.77,4,1.55,-1.04,-0.12,-0.72,16.3,2.47,True
0,1,175,-0.73,-1.3,-0.58,1.85,-0.16,25,11,-0.1,-1.2,2.02,-19,-0.89,0.38,-0.2,1.23,7,3.01,True
1,0,267,-1.01,0.46,-0.8,-1.77,-2.04,15,12,-2.32,0.12,0.87,17,0.57,2.15,-0.92,0.1,10.2,0.57,True
1,0,4,-0.58,1.48,0.77,0.18,-0.7,22,4,-0.26,1.51,0.22,15,0.43,0.03,-0.43,1.08,3.6,NaN,False
0,1,9,-0.84,1.78,-0.44,-0.72,2.22,11,11,-3.06,-0.72,0.48,-6,0.34,1.81,0.86,1.15,9.5,1.87,False
0,1,109,-1.01,0.9,-0.44,5.14,0.09,20,-24,2.25,0.89,1.97,22,-0.42,-2.27,-1.06,-1.59,29.5,3.25,True
0,0,180,-0.11,0.47,-0.1,0.13,-1.16,67,16,-0.94,-0.37,2.33,-13,-0.02,-1.63,-0.91,-1.14,2.6,NaN,True
0,0,118,0.47,-1.78,-1.56,0.89,0.39,0,5,-0.28,-0.01,0.17,10,-0.63,0.94,0.41,1.23,7.8,NaN,True
1,1,32,-1.18,-1.57,-0.34,0.58,1.4,94,-23,-0.88,-1.08,1.49,3,0.1,-1.62,-1.08,-0.08,7.3,-0.73,True
1,1,103,0.84,-2.02,1.13,2.44,1.81,67,-1,1.09,-1.52,2.57,-18,1.52,2.58,1.35,0.13,15.3,-1.45,False
1,0,171,1.74,0.26,-0.76,0.61,-0.68,35,-3,0.11,0.82,2.05,-4,-0.2,0.08,-0.48,0.69,4.5,-2.17,False
0,1,76,0.8,1.85,1.01,4.23,-1.11,16,-14,1.04,0.6,0.77,6,1.22,-1.21,-0.77,0.83,25.2,4.99,True
0,0,118,1.6,1.19,0.73,1.09,-1.23,59,-23,-0.18,1,0.79,-1,-0.26,-0.39,0.64,0.07,8.2,NaN,True
1,0,141,-0.4,-0.18,-0.86,2.88,2.22,49,-8,0.71,-0.19,0.13,8,1.17,0.82,0.89,0.64,14.2,-0.03,False
1,0,99,0.01,-2.78,1.37,2.42,0.85,29,1,2.25,0.46,3.55,31,0.29,1.26,-0.11,0.96,16.2,-4.25,False
0,0,125,0.12,-0.65,-0.73,2.15,0.04,9,16,0.71,-0.02,0.52,-11,0.08,-1.31,-1.16,-0.52,5.6,0.85,False
1,0,41,0.46,2.23,0.12,1.24,-0.29,28,-15,0.18,-2.44,0.32,13,0.31,-0.25,-0.63,-0.19,7.8,0.21,True
1,1,10,0.4,-0.96,0.04,1.26,1.69,51,-6,0.82,0.16,2.21,-8,0.25,0.6,-1.53,-0.45,6.5,0.63,True
0,0,109,0.53,-0.71,0.76,1.19,-0.05,54,-17,0.34,-1.95,1.01,0,0.02,4.49,1.52,0.38,3.8,NaN,True
1,1,166,0.07,0.06,-0.89,-0.11,-1.54,16,8,-0.21,0.68,0.53,13,0.84,0.94,-0.16,-0.27,4.2,NaN,True
1,1,119,-1.39,1.56,-1.51,0.34,0.89,45,16,-1.29,0.68,1.7,10,0.28,0.9,-0.18,-0.62,7.6,0.43,False
1,0,57,-1.01,0.9,-0.06,1.63,1.1,64,-11,0.21,-0.93,1.18,-33,0.2,-2.59,0.21,0.22,5.7,1.05,False
1,0,12,0.16,-1.17,0.5,1.14,-1.28,44,-8,-0.76,0.87,0.64,-13,-0.2,1.45,0.74,-0.67,4.6,-0.51,False
1,1,61,-0.92,-1.3,1.08,0.48,0.27,37,16,-0.23,-0.14,0.64,-23,0.3,1.76,-0.35,-0.92,4,NaN,False
1,1,259,-0.07,-0.82,-1.49,-0.69,-0.73,49,22,-0.88,-0.07,0.61,1,0.56,3.2,-0.57,-0.28,4.9,0.73,True
1,0,61,-0.58,0.11,0.92,0.02,0.09,40,4,-0.65,-0.22,0.08,7,1.48,-0.66,-1.86,-0.42,2.2,NaN,True
1,0,72,1.03,-0.03,0.12,0.82,-0.7,41,30,-0.15,0.07,0.49,-12,-0.24,2.76,0.83,1.19,2.2,-0.39,False
1,1,120,0.04,-2.22,0.79,2.45,0.07,20,22,0.16,0.67,2.46,22,0.8,-1.43,-0.6,1.35,11.6,NaN,False
1,0,76,-2.55,0.77,0.83,0.44,-0.18,9,-2,-0.6,-0.86,0.5,9,1.51,2.35,1.42,-0.55,8,0.11,False
1,0,77,-0.52,-0.08,0.43,0.7,-0.29,7,20,0.02,1.47,0.33,1,0.32,0.84,-1.13,-0.09,2,0.79,True
1,0,97,1.32,-0.11,-0.51,1.2,-0.09,44,-1,0.25,-0.59,0.73,-9,-0.08,0.5,1.32,0.09,4.5,-0.45,True
0,0,266,-0.65,-2.47,1.76,1.74,0.59,28,18,-0.11,0.15,0.3,-3,0.47,0.2,-1.43,0.93,14,2.07,True
1,1,6,0.77,0.43,-1.77,2.22,-0.47,68,25,2.01,-0.94,0.15,21,2.27,-0.8,-0.83,1,9.1,NaN,False
1,1,22,0.49,-0.66,0.6,1.82,-1.51,27,0,0.43,0.41,1.04,-9,1.12,3.1,1.3,-0.58,6.6,NaN,False
1,0,22,1.21,-1.17,0.17,-1.52,0.29,30,26,-1.82,0.09,0.1,18,-1.2,2.28,1.51,1.31,5.3,-3.15,False
1,1,21,0.33,0.02,0.8,0.97,1.72,49,20,-0.24,-1.82,1.39,-21,-0.61,-0.75,-0.05,1.91,4.6,0.47,False
0,1,18,-0.15,-0.28,0.1,0.8,-0.43,24,-1,-0.4,-0.33,0.42,35,-1.08,0.67,-0.9,-0.34,1.9,NaN,True
0,0,189,2.2,-0.2,0.61,2.71,1.86,35,35,0.83,0.05,1.45,22,-0.5,1.68,2.44,0.83,16.1,NaN,False
1,0,107,0.57,0.09,0.74,2.77,-1.96,57,-10,1.39,0.48,1.65,-8,-1.36,0.86,-0.7,-0.8,12.4,NaN,False
1,0,49,-0.37,0.04,1.49,-0.71,0.16,116,31,-0.75,0.55,1.25,-3,-0.95,-1.14,-0.31,0.84,2.9,NaN,False
1,0,52,0.8,0.79,-0.87,2.66,-0.53,43,12,-0.65,-0.03,1.19,-13,0.92,-3.14,-1.76,0.04,10.4,4.71,True
1,1,5,-2.89,-0.43,1.63,1.43,-0.31,58,5,1.42,-1.51,2.83,-10,0.69,1.4,-0.8,1.35,13.3,NaN,False
1,1,76,0.33,-0.16,0.82,0.58,-0.07,25,6,-0.46,0.01,0.16,10,1.11,0.08,0.28,1.13,1.1,NaN,False
0,1,78,-2.82,-1.01,0.78,-0.06,0.53,37,1,-0.71,0.31,0.86,3,1.32,1.23,-0.23,1.09,9.9,0.17,False
0,1,92,-1.69,0.33,-1.13,-0.09,-0.72,49,8,-0.14,-1.87,0.4,-18,-2.05,1.41,-0.12,-0.42,4.8,NaN,False
0,1,52,3.01,0.1,-0.85,-1.13,-0.16,67,-3,-1.24,-3.36,0.7,-32,-1.51,1.77,0.11,-0.54,11.1,-3.99,False
1,0,107,1.46,-1.16,0.87,-1.52,0.03,45,7,-1.9,0.53,1.62,8,-0.25,0.42,0.26,0.97,7.5,-1.13,True
0,0,15,0.82,1.15,0.52,-1.31,1.02,13,35,-2.27,-2.44,0.4,-17,-0.43,2.97,-0.05,-0.06,5,-0.13,False
1,1,283,-0.06,0.34,0.34,1.69,-1.69,26,30,0.66,-0.96,0.77,-3,-1.97,-0.44,-0.75,0.57,6.9,1.47,True
1,0,20,-0.9,0.19,0.61,3.12,0.1,53,61,1.68,0.27,1.64,8,0.06,1.43,0.42,-0.33,12,0.43,True
1,1,46,0.79,0.03,-2.68,0.31,-0.87,14,38,0.26,0.11,0.78,2,0.6,-1.64,-1.03,-0.1,8.7,NaN,False
1,0,54,-0.07,0.64,-1.28,2.31,-1.5,6,11,-0.6,2.34,0.52,7,0.03,1.96,0.35,0.53,10.6,4.03,True
1,0,71,-1.49,0.97,-0.12,-0.29,0.74,67,6,-1.71,-0.69,0.22,-4,-0.28,1.24,1.11,0.3,4.8,0.81,True
0,0,50,-2.05,-0.7,0.15,1.32,-2.3,64,-7,0.53,0.32,0.92,0,-0.29,0.91,0.78,-1.07,12.7,0.39,True
1,1,20,-1.65,1.97,1.41,1.77,-1.41,47,14,-1.58,-0.62,0.36,27,0.09,0.27,0.57,-0.49,13.7,2.05,False
0,0,53,0.22,-0.61,-0.6,-0.03,1.5,67,32,-0.62,0.48,2.23,-21,-1.06,0.49,-0.88,-1.94,3,NaN,False
1,0,252,-1.33,-0.55,0.59,0.55,0.62,57,10,-0.44,-0.02,1.2,23,0.74,1.44,1.02,-1.25,4.1,NaN,True
0,0,8,-1.6,-1.44,0.47,2.19,0.01,44,1,1.44,0.21,1.15,-4,-0.09,2.09,1.71,-0.62,10.7,1.11,True
0,0,18,1.89,0.02,1.39,1.34,0.53,49,-9,1.16,-1.17,1.1,-16,-0.09,-2.05,-2.26,1.06,8.6,-1.01,True
0,1,149,-0.47,1.48,-1.05,1.84,-0.53,9,31,-0.54,0.29,0.23,16,-0.77,-2,-0.66,-0.67,8.2,NaN,True
0,1,91,3.24,0.5,-0.14,-0.73,0.34,34,35,-1.81,-0.01,0.2,5,-0.24,-1.62,-0.4,1.4,11.4,-3.45,False
1,0,111,0.33,0.29,-0.54,1.74,-1.02,12,25,-0.39,-0.87,0.98,16,0.56,1.54,0.73,-1.56,4.6,0.33,False
0,0,34,2.38,1.32,0.62,1.48,0.61,76,13,0.57,1.18,0.62,37,0.39,-0.17,0.26,0.35,10.4,NaN,False
1,0,22,0.83,-1.29,-0.67,-0.26,-1.15,7,39,-0.41,0.11,0.31,3,-0.74,1.05,0.88,-1.66,4.2,NaN,False
1,1,23,1.37,0.19,-0.39,1.38,-0.21,59,-4,0.68,0.35,1.23,18,-0.92,0.99,-0.15,-1.54,4,NaN,False
1,1,208,-0.98,0.58,-0.13,1.41,-0.12,16,-10,0.43,0.15,0.53,0,1.11,-0.52,-0.09,-0.83,3.3,NaN,False
1,0,154,0.11,-0.53,-1.39,2.49,-0.39,33,8,0.36,-1.47,0.85,13,0.35,0.58,-0.38,2.35,8.6,0.33,False
1,1,35,1.55,-0.5,-0.27,1.49,1.21,19,-23,0.15,1.94,0.47,-7,-1.65,-0.52,1.43,-0.96,7.4,NaN,True
1,0,29,0.61,-0.39,2.92,3.39,-0.55,30,-20,2.69,-0.51,0.24,-17,-0.24,0.11,0.51,0.21,21.8,NaN,True
1,0,43,2.29,-2.87,0.05,0.61,0.04,30,18,-1.15,1.52,1.31,-11,0.12,2.61,2.18,-1.68,13.9,-0.49,False
1,1,12,1.08,0.33,-0.92,1.98,0.32,20,31,-0.6,0.88,0.11,-12,0.35,2.79,1.66,0.17,7.1,4.39,True
1,1,158,-2.11,1.23,-0.48,0,-2.14,5,12,-0.07,-0.82,1.31,-35,-0.43,0.35,0.08,1.14,10.8,NaN,False
1,0,55,-0.81,-2.01,0.95,1.96,0.18,13,19,0.8,0.12,0.38,1,1.81,1.96,-0.4,-2,9.5,0.43,False
0,1,11,1.73,-1.16,0.89,4.56,1.28,42,24,1.93,2.54,1.33,-17,-1.51,-0.36,-0.02,0.4,27.6,1.97,False
1,0,68,2.86,1.83,-1.3,-1.03,1.8,40,38,-1.44,0.3,0.5,6,-0.88,0.16,-1.23,0.29,17.5,NaN,False
1,0,69,-0.56,-0.68,-1.36,4.36,1.83,15,38,1.42,-2.08,0.15,-13,0.98,-0.59,-0.62,-0.71,25,4.43,False
1,1,180,-2.3,1.07,0.85,-0.29,-2.89,26,-26,-1.25,0.24,1.23,-16,1.28,-1.59,0.78,-0.07,15.6,NaN,False
0,0,54,-3.8,-0.07,1.38,-1.44,-0.08,89,11,-1.51,2.05,0.3,0,-0.86,3.4,1.37,-1.29,18.4,-2.61,False
1,1,87,-1.97,-0.78,-0.96,1.99,-0.24,70,-13,0.71,0.28,0.72,-31,-1.11,1.26,-0.95,-0.65,9.4,0.53,False
1,1,144,0.37,-1.69,0.46,2.14,0.19,47,-7,-0.53,0.83,1.04,12,0.77,1.14,2.02,0.25,7.8,NaN,False
0,1,4,-2.36,0.39,0.56,1.07,0.22,2,17,0.8,0.06,0.08,27,-1.24,-3.02,-0.28,0.26,7.2,-1.71,False
0,1,48,-0.62,-0.54,-1.14,-0.58,0.13,40,15,-0.77,0.58,1.14,11,1.58,0.47,-0.51,-1.09,3.3,-0.25,True
0,1,14,-0.73,-1.15,-0.95,0.08,-0.53,20,27,-0.79,0.86,1.78,7,-0.52,2.62,0.65,0.74,3,NaN,False
0,0,42,-1.37,-1.03,1.41,2.44,-0.97,17,3,1.74,-0.05,0.98,-8,1.7,1.86,0.32,-3.19,11.8,0.35,False
1,1,189,-1.23,-0.4,1.77,-0.45,0.25,4,-5,-0.56,-0.97,0.4,0,0.17,0.78,-0.51,0.37,5.1,1.47,False
1,0,84,-1.73,-1.81,-0.34,1.95,0.43,80,30,0.48,-0.89,0.34,29,0.21,1.03,-0.71,-0.34,10.4,NaN,False
0,1,201,-2.06,-0.3,0.88,1.94,-0.78,36,-1,0.03,-1.02,1.61,17,-0.6,1.62,1.06,-0.07,9.5,0.57,False
1,1,226,-0.89,0.8,1.11,0.61,-0.09,2,8,-0.81,0.8,2.13,9,1.4,-1.44,-0.47,-1.06,3,NaN,False
1,1,139,1.02,0.75,-1.01,-1.71,2.34,53,21,-1.8,0.8,0.25,-15,0.17,3.58,1.62,0.79,12,0.97,True
1,1,27,-0.36,-1.3,-0.39,3.05,1.13,36,29,1.64,0.05,2.21,-2,-2.1,0.32,0.36,-1.12,12.6,0.85,False
0,0,116,-0.49,1.42,-1.59,-1.63,1.03,68,14,-1.65,1.88,0.05,1,1.45,1.85,0.41,-0.63,9.5,-0.57,True
0,1,234,-1.06,-1.03,-0.43,5.53,0.45,30,0,2.3,-0.2,0.24,-10,-0.27,2.95,0.39,-0.01,34.2,6.03,True
1,0,81,0.52,2.68,-0.89,0.67,0.32,81,18,-0.35,-0.35,0.24,-5,0.77,-0.31,-0.38,-0.87,8.8,NaN,False
0,1,110,-0.45,-0.74,2.09,-0.18,-0.21,32,23,-1.67,1.61,0.28,9,-0.06,-3.58,-3.06,0.88,5.2,0.23,False
0,0,97,0.48,-1.37,0.59,0.85,0.14,99,7,-0.9,1.61,1.37,14,1.59,0.29,-0.64,2.16,3.2,-4.23,False
1,1,105,-0.85,0.09,0.96,0.66,-1.24,35,7,0.1,-0.58,0.82,-19,2.22,2.22,-0.43,-0.99,3.6,0.81,False
0,0,96,-2.05,1.21,-2.18,0.87,0.85,36,3,0.49,-1.69,0.85,-2,0.61,-0.62,-0.08,1.67,11.9,-0.13,False
1,0,96,-0.5,0.98,-1.66,0.71,1.47,43,6,-2.04,-0.82,1.18,3,0.86,0.03,-1.03,-0.05,6.6,2.13,False
1,1,62,-0.41,0.56,0.97,-0.92,-1.97,65,-10,-1.2,1.46,0.59,-7,-0.56,1.78,-1.34,1.53,7.1,NaN,True
1,1,82,-1.06,-0.56,-2.05,2.62,-0.37,23,-3,1.12,-1.25,1.24,8,-0.26,1.23,-1.96,-0.03,12.6,0.59,False
0,1,189,-0.58,-1.77,0.06,0.03,0.54,33,-16,-1.19,1.33,2.8,12,-0.1,1.9,0.48,1.54,3.8,0.35,False
1,1,81,0.11,-1.8,-1.04,2.23,-0.94,3,-10,1.12,-0.43,0.47,-7,-0.23,2.11,2.35,-0.85,10.2,0.91,False
0,0,125,1.65,1.26,-0.84,-1.82,0.23,16,8,-2.05,1.92,0.82,23,0.98,4.04,1.67,-0.76,9.4,NaN,True
1,0,49,0.7,0.74,-0.08,1.3,-1.51,50,19,0.46,1.87,0.96,19,-1.5,-3.87,-1.09,-1.13,6,-1.45,True
0,1,154,0.35,-1.38,-0.02,1.8,0.07,44,21,0.24,-0.71,1.31,18,0.03,-1.19,-0.89,0.38,6.3,-0.85,True
1,1,141,0.98,-0.42,1.4,0.92,0.34,5,5,-0.18,-0.79,0.28,-26,0.83,-1.13,-2.2,0.09,4.1,0.29,False
1,1,201,0.24,-0.41,-0.32,-0.66,-0.32,96,20,-0.78,-1.52,1.52,0,0.51,2.02,-1.15,0.26,0.9,NaN,False
1,1,95,1.52,-1.52,-0.22,0.93,-0.23,87,6,0.91,-0.1,0.33,-20,-1.54,2.14,-0.84,-0.34,5.6,-4.13,False
0,1,75,-0.78,-0.15,-0.21,0.73,-0.1,16,55,-0.79,-0.85,1.85,25,1.16,0.13,-0.18,-2.06,2.2,0.13,True
0,0,104,-1.76,0.64,-0.82,0.99,-1.23,10,2,0.15,-0.1,0.86,18,0.39,1.13,-1.12,-0.2,7.7,0.71,True
1,1,90,1.31,0.5,0.84,1,0.53,83,14,0.08,0.66,1.45,-22,0.41,0.57,-1.9,-0.36,5,-0.87,True
0,1,40,-0.1,-0.15,0.06,2.11,-0.46,41,8,1.06,-1.75,0.64,-2,0.59,-0.26,-0.15,-0.21,4.7,-0.05,False
1,1,30,-0.86,0.98,0.68,0.71,-0.24,38,-5,0.13,2.67,0.24,0,-0.14,1.4,0.11,-1.8,2.7,0.81,False
1,0,30,1.24,0.17,0.45,1.47,-1.14,20,-24,-0.15,1.3,0.53,12,-1.07,0.07,-0.11,-1.25,6.2,0.39,True
1,0,59,1.84,-0.86,0.26,0.79,0.38,29,-8,0.1,0.55,0.56,-13,0.13,0.2,0.57,0.61,6,-0.51,True
0,1,94,2.01,-0.96,0.2,-0.32,-1.22,37,18,-0.6,-1.36,0.6,24,-1.31,-0.87,-0.69,0.22,6.6,NaN,False
1,1,77,-0.2,-0.57,-1.41,2.26,0.28,83,-24,-0.47,-0.33,1.14,4,1.11,-1.42,-0.57,0.78,7.5,0.63,False
0,1,178,-0.07,-2.03,0.42,0.24,0.02,35,49,-1.55,1.72,0.15,18,-0.84,2.18,-0.23,0,5.4,0.69,True
1,1,44,-0.73,0.17,0.03,2.01,0.64,48,8,1.83,-0.03,0.15,5,0.08,0.95,-0.76,0.45,5,0.81,False
1,0,3,-1.86,1.8,0.73,3.2,-0.17,41,10,1.23,1.06,1.27,16,0.17,2.26,1.76,-0.61,18.5,NaN,True
1,1,149,0.81,-1.03,-1.07,2.22,0.27,35,9,0.32,0.3,1.64,3,0.02,1.26,0.12,0.47,7.9,0.95,False
1,0,176,-1.11,0.7,-1.06,1.36,-0.95,34,39,1.3,0.13,0.99,-7,0.09,1.16,-0.68,1.24,6.6,1.49,True
1,0,101,0.41,-0.5,0.13,5.55,-0.65,48,14,1.27,-0.75,0.4,16,0.89,1.38,-0.85,0.84,32.7,3.55,True
0,0,106,1.52,1.7,1.49,2.34,-0.14,59,10,1.14,0.61,2.24,-16,-1.33,-0.53,-1.38,2.29,13.9,-0.11,True
0,1,287,-1.51,0.59,2.05,1.11,-1.9,34,30,0.83,1.63,1.7,1,0.63,-0.83,-2.39,-1.79,11.7,NaN,False
1,1,117,2.49,0.15,-0.94,0.83,-1.34,56,24,-0.68,0.4,1.37,24,-0.2,-2.45,-0.74,-2.32,9.6,NaN,False
1,1,78,-0.23,-0.7,-1.26,0.38,-0.42,16,-4,0.26,-0.85,0.7,-16,-0.98,-0.51,-0.54,-0.02,2.5,NaN,False
1,0,281,0.02,1.94,0.51,0.62,-0.83,29,19,-1.15,0.45,1.71,3,1.13,0.04,-1.51,-1.41,5.1,0.85,False
1,0,139,0.67,1.53,1.26,2.73,0.57,81,-40,0.81,-0.29,0.66,15,-0.56,-1.13,0.44,-0.01,12.2,NaN,False
0,1,108,3.9,-2.05,-0.38,0.24,-0.71,35,-11,-0.09,0.75,0.56,2,-1.66,-1.48,-1.25,-1.42,21.1,-3.03,True
0,0,11,-2.07,-0.46,-0.66,1.67,-0.5,21,4,-0.91,0.83,1.09,-7,0.52,-0.36,1,-0.58,9,NaN,True
1,1,72,-0.2,0.26,0.47,-0.36,-0.28,27,-11,-0.43,0.15,0.47,11,-0.64,-0.87,-0.17,-1.24,0.5,0.37,False
1,0,26,1.01,-2.4,-1.43,-1.17,-1.34,31,-9,-1.36,-0.36,0.18,-13,0.57,1.3,0.86,-0.47,12,-1.57,False
1,0,32,0.26,0.64,-0.2,-0.45,-0.54,29,-9,-0.69,-1.33,0.58,-3,-1.53,2.13,-0.2,-0.17,2,-0.01,True
0,1,14,-2.07,0.18,1.21,0.35,-0.22,55,12,-0.35,-0.32,0.39,6,1.12,2.15,0.56,-0.8,6,NaN,False
1,0,66,2.47,-1.51,-0.63,-0.86,-1.36,47,5,-1.85,0.24,0.29,7,0.31,-0.96,-0.48,-0.02,11.4,-3.39,False
0,0,85,-1,-0.95,-0.41,-0.14,0.06,32,15,-0.43,-0.05,0.2,-3,0.12,-1.59,-0.53,0.19,2.1,0.17,False
1,1,28,-0.48,-0.95,-0.65,2.08,1,30,-7,0.18,-0.09,1.29,-13,0.31,0.6,-0.13,-1.36,7.9,NaN,True
0,0,36,-0.38,0.57,0.16,0.6,-0.75,55,-8,-1.05,-0.83,1.75,11,1.34,-0.19,-0.51,-1.9,2.4,0.83,True
1,0,221,2.86,0.16,-2.01,0.78,1.1,37,-15,0.02,-1.58,1.03,12,1.42,0.41,-0.31,-1.65,14.1,NaN,False
1,0,338,2.19,0.36,0.03,-0.11,-1.47,3,-6,-1.09,-0.25,2.19,25,-0.06,-0.66,-1.9,0.16,7.1,-4.37,False
1,0,92,-1.58,-0.01,1.47,1.55,-1.06,9,7,-1.14,-2.09,0.14,-7,-0.59,1.22,-0.34,-0.32,9.2,4.71,True
1,1,131,-2.52,0.44,0.38,1.21,-0.69,55,-12,0.34,0.11,1.35,15,-0.1,2.79,1.18,-0.1,8.6,-1.45,False
1,0,13,-0.19,-0.4,-0.42,-1.28,-1.09,76,10,-2.2,0.74,0.04,5,1.3,-1.53,-1.67,-0.01,3.2,NaN,False
1,1,97,-0.65,-0.8,0.07,1.22,0.58,18,16,0.82,-0.59,1.24,-12,-1.68,-1.38,0.11,0.57,2.9,NaN,False
1,0,41,-0.54,0.6,-0.67,0.38,0.35,37,-6,0.07,-1.19,1.57,3,-0.53,-1.43,-0.69,-0.67,2.4,NaN,True
1,0,66,1.92,-0.64,-0.24,1.25,-0.48,39,16,0.47,-1.97,0.83,-4,1.45,2.88,0.07,-0.4,6.9,-1.21,True
0,1,173,0.43,-0.32,1.09,0.91,-0.86,6,-1,-0.39,-1.22,1.74,10,-0.75,-0.24,-2.31,-0.81,3,-0.15,False
1,1,99,-0.9,-0.3,-1.03,0.97,-0.82,21,18,-0.37,-0.71,2.73,14,0.22,2.29,0.44,0.23,4.6,NaN,True
0,1,78,-0.56,0.36,-1.09,1.32,-2.23,14,7,0.23,1,1.58,-22,-0.7,1.23,0.5,-1.33,8.3,NaN,False
1,1,285,-1.63,-1.09,-0.42,2.21,-0.63,51,-2,0.87,1.43,0.74,-2,1.35,-1.43,-1.31,-0.11,9.3,0.41,False
1,1,247,-1.1,2.27,-1.33,1.79,1.29,20,2,-0.63,-0.46,1.05,-8,-2.04,-1.8,-1.43,-0.33,14,NaN,True
0,1,54,-2.33,-1.28,0.99,0.46,1.09,44,11,-0.61,0.54,1.28,-5,-0.2,1.69,0.81,-0.9,9.4,0.41,False
1,0,66,-0.06,1.24,1.87,0.56,2.29,43,-4,0.05,-1.02,0.85,23,-0.51,1.29,1.77,2.83,11.6,-1.77,True
1,1,62,-0.41,-0.96,0.62,-0.37,0.67,44,-3,-0.83,-0.12,1.3,6,0.91,-1.59,-0.12,-0.36,3.1,-0.33,True
1,1,41,0.09,-1.08,1.01,1.07,-0.11,40,-9,0.81,-0.65,0,-27,0.28,0.25,-0.2,-1.67,3.4,NaN,False
1,0,13,1.08,0.69,0.13,1.09,-1.2,58,2,-1.5,0.77,0.98,-7,0.51,1.48,1.37,0.2,4.3,NaN,False
0,1,130,-0.99,-0.73,0.59,-0.23,-1.04,26,18,-0.37,-0.41,2.16,-12,-0.22,2.09,0.55,0.21,3,0.51,False
1,1,168,-0.91,-0.11,0.66,1.37,0.79,86,-6,1.01,1.18,2.38,9,0.09,0.13,-0.41,-2.02,3.8,NaN,False
1,0,186,-3.01,-1.06,-0.2,3.32,-0.51,9,2,1.65,1.27,2.52,-17,0.28,2.34,0.91,1.66,21.5,NaN,False
1,1,215,0.46,-1.6,-0.5,1.6,0.82,84,-20,0.16,-0.68,0.28,-5,-0.67,-0.22,-0.67,-0.36,6.3,-1.39,False
0,0,47,0.41,-0.16,0.79,2.01,-0.53,16,-8,1.37,0.23,0.74,-23,-1.36,-0.54,-1.25,0.19,6.1,1.55,True
0,0,127,2.57,0.28,0.79,1.36,-1.4,32,-11,-0.91,0.39,0.7,-5,0.82,1.5,0.76,1.49,12.1,-0.31,True
1,0,24,-1.97,0.02,0.79,-0.43,-1.14,43,20,-0.84,-0.22,0.09,13,-0.06,-1.38,-1.08,0.52,6,NaN,False
1,1,104,0.88,1.08,-1.17,-1.23,-0.95,0,6,-1.71,-2.01,0.99,-2,-0.12,4.03,0.07,0.64,6.7,0.39,True
1,0,111,-2,-1.44,-0.6,1.57,0.88,34,-10,-0.37,0.43,0.18,24,0.62,1.17,2.3,1.12,10.7,-0.09,True
0,0,89,3.9,-0.65,0.37,2.05,-0.59,34,10,-0.29,-0.74,0.15,3,-1.53,1.71,1.14,-0.19,21.3,-2.13,True
1,1,58,0.03,0.09,-0.12,-1.82,-0.16,7,27,-1.83,-0.84,0.17,-7,0.13,-0.58,1.05,1.04,3.4,NaN,False
1,1,186,0.02,-1.96,0.19,-0.5,-0.6,61,-1,-0.61,-1.64,0.45,27,0.42,2.16,1.41,0.31,4.5,NaN,False
1,1,4,2.02,0.24,-1.15,1.89,-1.31,21,3,0.13,0.69,2.2,-8,-0.53,-1.21,-0.4,0.31,11.7,0.09,True
0,1,212,2.09,-1.61,0.28,0.32,-2.07,71,-9,-0.55,-1.91,0.04,20,1.56,-2.38,0.56,-0.42,11.4,-5.35,False
1,0,46,2.97,-0.1,2.21,0.47,-0.44,10,-6,-0.05,0.79,0.2,9,1.27,2.35,2.41,0.75,14.1,-4.37,False
1,0,85,-0.26,-0.27,-0.05,0.64,1.29,68,13,-0.78,0.92,0.44,3,-0.43,0.69,0.87,-0.05,3.2,NaN,True
1,0,155,-0.41,-1.39,-0.23,3.78,-0.66,49,22,1.64,-0.82,2.35,-18,0.94,-0.66,0.43,0.24,17.9,NaN,True
1,0,57,-2.5,-0.03,-0.8,-1.86,-0.28,18,22,-1.89,-0.33,0.01,-31,0.09,0.62,0.71,-0.12,10.4,1.31,False
1,1,99,1.1,-2.16,-0.76,1.94,0.84,51,21,0.48,0.27,0.64,22,-1.86,0.79,1.51,0.48,11.9,-1.27,True
0,0,16,-1.67,0.24,-0.12,1.85,0.83,17,11,0.42,0.93,0.22,0,-1.19,-1.74,-0.72,1.1,7,NaN,False
0,1,4,-1.84,0.06,-0.93,2.53,-0.47,40,12,0.27,0.5,1.07,40,0.13,1.64,0.19,0.95,11.9,-0.57,True
1,1,100,-0.02,1.2,-1.05,1,0.69,19,13,-0.38,0.42,1.05,16,-1.83,0.56,0.05,-1.76,5,0.21,True
1,1,22,0.43,-1.66,-1.27,0.33,-1.01,19,13,-0.05,1.25,0.4,-27,-0.79,0.14,0.93,0.12,5.7,0.73,False
1,0,96,0.3,0.02,-0.45,2.36,0.48,42,20,1,0.17,0.31,-19,-0.95,0.19,-1.01,0.04,6.1,0.79,False
1,0,15,0.76,-0.81,0.01,1.75,-0.87,3,-9,-1.32,1.32,0.62,14,0.36,1.17,1.51,2.85,5.1,1.65,False
0,0,36,-2.44,-0.05,-0.6,2.2,-0.42,6,-8,1.4,0.29,1.94,-9,-0.97,3.21,0.97,-0.63,12.3,2.45,True
1,1,176,0.54,-0.64,0.3,-0.42,-1.7,36,17,-0.48,1.08,0.3,0,0.5,1.68,0.43,-0.14,4.9,1.17,True
1,1,89,1.94,1.38,-0.96,3.8,-0.82,78,20,1,-0.76,0.43,-17,0.79,-0.02,-0.94,-0.45,21.7,0.29,False
1,0,49,-0.31,0.64,-0.03,2.02,0.09,53,13,1.05,-1.02,1.93,15,-0.25,1.19,-0.6,1.95,5.6,-1.23,True
1,0,20,2.97,0.55,-0.03,2.03,-0.28,2,-1,0.14,0.06,2.2,41,-2.94,-0.89,-1.07,-1.13,14.3,-4.93,True
1,0,6,-1.19,0.76,-0.45,2.04,1.36,80,20,1.08,0.72,0.57,16,1.44,2.51,0.38,0.49,9.2,-1.35,True
0,1,27,2.29,-0.23,1.61,0.82,0.2,36,13,0.77,0.64,0.08,-4,1.19,-0.78,0.45,0.68,8.6,-1.65,False
1,1,107,-1.61,0.32,-0.91,0.27,0.54,43,14,-0.47,1.68,0.77,-4,-0.59,-2.88,-1.22,1.04,3.9,NaN,False
0,0,40,-1.13,0.51,1.71,5.69,-0.02,5,28,3.9,2.25,0.67,-7,2.17,-0.52,-1.23,-1.85,36.8,1.69,False
0,0,43,1.16,-1.47,-0.27,0.27,-0.39,34,-1,-0.31,-0.57,1.52,17,-0.15,-0.63,0.34,0.31,4.8,-1.37,True
1,1,7,1.84,-0.89,-0.04,1,-0.06,24,-12,0,-1.16,0.74,6,2.34,-2.45,0.03,0.15,6.2,-0.29,True
0,0,102,0.58,-1.79,-1.39,1.51,-0.85,64,21,0.85,1.07,2.47,13,-0.73,-1.92,-0.19,-1.84,9.5,-0.93,True
1,1,11,-0.58,1.34,1.48,1.42,1.43,33,8,1,0.92,0.34,-12,-1.2,2.91,1.84,0.63,8.4,1.77,False
1,1,91,1.19,-2.28,0.23,0.69,0.02,78,-12,-0.39,0.1,0.51,-30,0.67,-0.89,-0.73,-0.66,8.1,-0.53,True
0,1,33,-0.23,0.08,0.37,1.01,0.64,66,16,0.38,-2.32,1.06,15,-0.15,-0.33,-0.05,-0.17,1.6,-2.69,False
1,0,280,1.81,-2.36,1.11,3.03,1.27,33,-7,1.01,-0.59,1.16,-19,-0.87,-0.29,1.22,0.47,20.9,NaN,False
0,1,75,2.27,-0.52,0.19,-0.31,0.79,30,19,-0.49,-2.37,0.58,-1,0.39,2.3,-0.25,1.12,7.2,-0.13,True
1,0,112,1.43,-1.03,-0.02,2.8,-0.36,43,17,0.5,1.86,0.47,18,-0.32,1.03,-0.07,1.5,12.1,NaN,True
0,1,304,-1.46,-0.83,1.57,1.19,-1.59,6,26,-0.25,-1.41,0.2,-2,0.26,0.96,2.55,0.98,10.2,3.01,True
1,1,45,-1.9,-0.37,-0.91,3.43,0.42,22,-11,0.88,-0.71,0.05,8,-0.4,-2.08,-0.02,-0.7,16.5,2.73,False
0,0,23,1.05,0.66,0.04,1.6,0.38,27,-9,-1.79,0.92,3.07,30,1.16,0.26,0.75,-0.25,5.2,0.83,True
0,1,183,-4.2,-0.77,1.32,0.37,-0.13,52,-18,0.32,-0.28,1.05,16,-3.24,-0.99,-0.37,-0.03,20.1,-0.95,False
0,1,34,-1.04,0.5,-0.27,0.35,-0.95,3,32,-0.2,0.99,1.38,30,-1.19,-1.9,-1.59,-0.3,2.4,NaN,False
0,1,72,-0.83,-0.12,-1.04,1.42,0.52,8,-8,0.18,2.27,0.71,15,-0.07,1.42,0.58,0.76,5.1,1.31,True
0,0,49,-2.44,0.1,0.43,1.53,0.32,14,13,1.23,-0.01,0.82,19,0.57,1.56,-0.73,0.31,8.6,-0.35,False
0,0,17,-2.18,-0.21,-0.99,1.75,1.23,46,15,0.09,-0.46,2.38,-6,0.37,-0.45,-0.66,-0.34,10.4,0.35,False
1,0,70,-2.04,-0.12,2.13,2.52,0.73,58,0,0.02,0.39,1.1,-7,-1.75,0.46,-0.19,-1.86,16.6,3.07,True
0,0,48,-2.05,-0.4,2.09,0.25,0.25,58,21,-1.06,0.86,0.61,-6,0.65,-0.07,-0.08,0.15,8.9,1.07,False
1,0,156,1.22,0.89,-0.3,1.86,0,19,27,1.42,0.06,0.19,15,0.24,2.58,-0.04,0.28,6.8,-1.43,True
1,0,51,0.27,-0.25,1.4,0.25,-0.02,74,7,0.24,2.01,0.77,-16,1.68,3.28,1.67,-0.21,3.2,-0.13,True
1,1,147,-0.12,0.64,2.02,0.84,0.71,113,27,0.54,0.82,0.27,-6,1.13,0.8,-0.35,-0.71,6.7,-2.09,True
1,1,57,0.8,0.05,2.06,1.95,0.28,13,29,1.03,-0.71,0.8,2,-0.41,-1.97,-0.78,-0.8,8.8,0.39,False
1,0,71,1.66,1.31,-1.14,0.77,-0.89,67,57,-0.44,-1.02,0.76,6,0.05,2.73,0.84,0.91,8.2,NaN,True
0,1,22,-2.24,0.71,0.35,1.09,0.18,140,13,0.85,-0.87,0.71,-19,0.13,-1.09,-0.8,-1.04,6.9,NaN,False
0,0,14,0.05,0.14,-0.74,3.46,-1.37,5,19,0.38,-0.62,1.31,22,1.34,1.01,1.27,0,14.4,NaN,False
1,1,45,0.62,-0.96,1.29,1.13,0.9,66,25,-1.37,1.45,1.4,16,0.07,-0.01,0.42,-0.83,5.1,0.83,False
0,0,88,1.84,-0.35,1.09,1,1.27,68,23,-0.36,-1.51,1.31,10,-1.97,-1.54,-0.62,-0.3,7.3,NaN,False
1,1,151,-1.16,0.43,-0.66,-0.19,-0.25,40,-3,-2.54,-0.24,1.29,2,0.27,4.16,2.37,0.5,2.1,NaN,False
1,1,86,-0.2,-2.1,-2.23,0.3,1.29,20,32,-1.02,-0.54,0.18,6,-1.29,0.5,1.11,-0.63,11.2,0.99,False
1,0,43,1.17,1.69,-1.74,0.84,0.53,66,-5,-1.57,-0.5,0.14,2,0.32,2.4,0.7,-1.62,8.2,NaN,False
1,1,329,1.29,2.07,-0.35,1.24,0.51,29,7,0.7,0.54,2.03,11,-0.65,-0.02,0.41,-1.69,7.9,NaN,False
1,0,78,-0.67,1.8,0.16,-0.37,0.6,22,27,-1.46,0.69,0.57,-20,-0.71,0.71,-0.53,-0.29,4.2,0.51,False
0,1,46,1.71,0.7,0.91,0.4,0.68,34,10,0.07,-2.11,0.07,18,-0.09,1.73,1.07,-0.52,4.9,NaN,False
1,1,103,-2.3,1.56,0.15,2.55,-0.31,7,16,2.27,1.07,0.31,10,0,-1.74,-0.52,0.12,15.3,NaN,True
1,1,57,1.83,1.2,-1.15,0.83,-0.36,49,15,-0.19,3.03,0.61,-8,-0.01,3.14,1.04,-0.87,7.9,NaN,True
0,0,76,-1.66,0.85,-0.63,2.64,0.16,23,10,1.05,-0.17,1.81,11,-0.44,0.95,0.23,-0.27,10.9,-0.15,False
1,0,93,0.22,-0.66,-1.4,0.41,0.22,97,-2,0.38,0.82,1.7,-4,0.08,-1.64,-0.9,1.06,3.7,-2.35,True
1,0,111,0.07,0.67,-0.23,-0.56,-1.44,54,-4,-1.26,-1.88,0.89,-8,0.66,1.19,0.1,-1.51,2.9,-0.53,False
1,0,65,-1.06,1.52,0.22,0.06,-0.38,67,44,-0.86,-0.25,0.32,-9,0.58,1.08,1.22,0.9,3.6,NaN,False
1,1,156,0.76,0.38,-0.13,2.02,-1.57,42,29,0.14,1.92,1.55,0,1.1,-3.71,-1.67,-1.44,8.3,NaN,True
1,1,13,2.78,-0.28,0.27,4.5,-0.78,62,-5,1.76,-0.26,0.94,24,-1.42,-2.84,-1.87,-0.98,29.7,-2.29,True
0,0,155,1.92,-0.17,2.42,0.06,0.59,34,2,0.01,-0.98,0.63,-34,0.27,3.33,0.37,-0.04,10.9,-1.27,True
1,0,59,-3.83,1.32,-1.07,-0.09,0.08,19,-7,-0.99,2.52,0.16,7,0.75,-0.63,-1.26,1.07,17.6,NaN,False
1,1,92,0.82,-1.26,0,2.84,0.67,64,-8,0.85,1.74,0.23,-40,-0.54,-2.13,-2.32,1.01,10.8,0.81,False
1,0,7,0.98,2.13,-0.67,1.81,0.59,36,0,0.37,0.06,0.43,9,-2.91,0.65,-0.77,-0.71,10.6,NaN,True
1,1,89,-0.44,0.03,0.21,2.49,-1.17,15,-3,0.34,-0.47,0.53,-23,0.2,0.55,-0.6,-0.56,7.8,NaN,False
1,1,202,-0.37,0.21,2.59,0.61,-1.42,18,19,-1.79,-1.42,1.67,13,1.53,1.05,0.65,-1.49,9.3,NaN,False
0,1,45,-2.64,-0.54,-1.03,0.1,-0.71,47,12,-0.69,-0.74,1.1,-21,-0.35,2.56,1.51,1.66,8.8,0.31,False
0,0,15,-0.85,-1.82,0.35,-0.17,2.7,10,14,-1.9,1.17,1.29,-17,0.5,1.01,0,3.64,11.5,NaN,False
1,0,143,1.48,2.81,1.07,0.49,0.24,32,9,0.39,0.98,0.31,-2,-0.09,0.79,-0.48,1.77,12.5,NaN,True
1,0,143,-2.01,-0.04,-0.94,0.84,0.45,10,10,-0.54,-0.96,1.84,20,0.04,-2.7,-0.74,-0.6,6.8,-0.61,True
1,1,121,1.96,2.28,-0.49,-0.55,0.4,59,-3,-1.4,1.11,1.18,-3,-0.32,1.38,-1.18,-1.09,10.7,NaN,True
1,1,19,0.84,0.86,-0.25,-1.03,0.95,20,20,-1.07,-0.9,0.69,-41,1.01,-1.61,-0.7,1.8,3.5,0.99,False
1,0,96,2.21,0.74,-0.85,0.56,-1.04,85,-15,-0.04,0.03,0.08,-15,0.97,4.85,1.68,0.81,7.5,NaN,False
1,0,267,0.82,0.27,-1.2,2.16,-1.83,34,8,0,0.53,0.98,10,0.35,2.45,0.03,0.43,10.2,0.13,False
1,0,124,1.54,0.03,-0.64,1.61,0.7,3,9,0.25,-1.16,1.31,1,-0.26,1.52,0.35,0.62,5.9,NaN,False
1,1,155,-1.46,0.11,0.58,1.81,-0.95,44,-14,1.65,0.26,0.33,16,-0.73,2.88,0.33,-1.85,6.7,-1.07,False
1,1,100,-0.17,-1.73,-0.49,2.72,1.14,39,16,1.28,-0.81,1.25,4,0.6,1.22,-0.13,-0.44,12,0.49,False
0,0,57,-0.12,-0.59,1.02,1.47,2.28,64,6,-0.49,-0.52,1.29,33,-1.09,1.13,1.17,-0.1,9.8,-1.83,True
0,0,135,-0.14,0.58,-1.69,0.64,1.36,40,11,0.16,1.88,0.08,-2,-1.18,0.81,0.08,0.71,6.5,NaN,True
1,0,43,0.24,-1.16,0.01,-1.49,-0.56,41,0,-1.97,0.27,0.17,11,-1.3,-2.13,-1.84,-1.07,3.9,-0.87,False
1,1,110,1.06,1.02,0.64,2.73,0.1,58,3,2.61,-0.23,0.47,4,0.58,1.75,0,-0.59,11,NaN,True
1,1,154,1.04,0.32,-0.48,3.16,0.17,39,6,-0.44,0,0.26,26,0.97,-2.01,-1.41,-1.72,11.4,0.91,False
1,1,42,-0.94,-2.02,1.57,1.51,0.59,54,3,-0.36,1.41,2.53,-19,-0.79,-0.63,-0.58,0.68,11.1,1.61,True
1,0,76,-1.37,-0.41,0.94,1.92,-0.14,16,2,0.11,-0.31,2.71,-20,0.29,0.32,0.37,-0.62,7.6,NaN,True
0,0,77,-2.41,-0.01,-0.87,1.3,0.03,39,21,-0.13,-1.42,0.42,9,1.26,4.32,1.64,-0.37,8.3,NaN,False
1,1,86,0.09,-0.1,0.91,0.6,-0.6,45,23,0.2,1.02,0.67,-22,-1.02,-0.77,0.42,-0.74,1.6,NaN,False
0,0,233,-2.39,1.29,0.09,0.31,2.24,19,-20,-1.5,-0.39,0.28,-1,0.82,-1.64,-0.26,0.15,12.5,NaN,False
1,0,159,2.26,0.01,-0.62,0.54,0.26,8,-17,0.45,0.45,0.12,22,-1.45,-2.52,-2.12,-0.32,5.9,-4.07,False
1,1,59,0.15,0.3,-1.38,-1.17,-0.4,16,4,-1.51,0.08,2.06,1,-1.23,3.6,2.2,0.16,3.5,0.85,False
0,1,38,2.52,0.23,-1,1.12,0.26,36,-3,-0.11,-0.25,0.81,-23,-0.52,-1.15,0.19,0.96,9.7,-0.55,True
0,1,87,1.2,0.83,0.8,-1.28,-0.08,23,-14,-1.71,0.43,1.97,-10,-2.54,-3.55,-1.23,0.23,5.4,0.27,True
1,1,144,-0.48,1.02,-1.35,0.09,-0.49,47,26,-0.25,-0.17,0.79,-5,-0.09,-1.75,-1.9,2.14,4.3,1.03,True
0,1,191,-0.72,0.56,0.19,1.74,1.07,41,-4,-0.81,1.15,1.17,-33,0.23,-0.15,-1.18,0.65,6,NaN,True
1,1,127,-1.33,0.94,-0.85,-0.04,-0.5,53,-6,-0.26,0.96,0.31,23,-0.73,0.1,0.98,0.58,3.6,-2.15,False
1,0,243,-0.71,-1.12,-0.13,2.17,-0.19,91,18,-0.01,-0.27,0.58,4,0.91,0.15,-1.65,0.61,7.5,NaN,True
0,0,27,-0.59,-0.76,0.29,0.73,1.07,45,5,0,-0.6,0.83,-21,1.34,3.14,1.83,-0.53,3.7,0.47,True
1,0,75,0.98,0.08,-0.86,-0.84,1.92,1,-11,-1.63,1.01,1.16,-3,0.17,-2.42,0.13,1.8,7.1,0.53,True
0,0,37,-0.25,-1,-2.49,3.11,-0.85,101,-12,1.42,-0.85,0.88,-17,-0.53,0.64,0.45,-0.45,18.7,NaN,True
1,1,26,-1.57,-1.01,-0.23,0.96,0.31,27,26,-0.99,0.82,1.7,22,-0.03,-0.63,-0.65,0.58,4.6,-0.71,False
0,0,16,2.25,0.67,-0.18,1.44,1.01,50,30,0.6,-0.34,0.08,-5,-1.06,0.93,0.78,0.46,8.6,-2.33,False
0,0,92,-0.87,0.6,1.8,2.54,0.8,29,13,1.58,0.58,1.16,-22,-1.42,0.51,0.73,-1.34,11.4,1.01,False
1,0,14,-0.42,0.85,-0.36,3.02,0.28,24,29,1.1,0.15,0.38,-32,1.7,-0.71,-0.15,0.34,10.2,NaN,False
0,1,157,1.92,0.26,-1.19,1.16,-0.09,63,18,-0.75,0.47,0.34,8,1.26,-0.81,-1.14,-2.13,7.5,-0.49,True
0,1,65,-0.93,0.23,0.7,1.4,1.71,51,-25,0.87,0.76,0.81,-25,-0.24,0.99,0.07,-1.07,7.3,1.65,True
0,1,100,1.16,0.19,-1.56,1.38,0.36,35,-24,-0.43,-1.1,0.48,-10,1.01,-1.04,-1.3,-0.26,5.8,0.01,False
1,1,24,-2.93,-0.5,0.08,1.3,-2.85,27,-10,0.59,0.85,1.24,25,0.19,0.27,0.97,-0.76,19.7,-0.11,True
1,0,40,-1.69,1.62,-0.44,2.16,1.21,20,21,2.12,0.11,0.45,-7,0.33,-0.21,-0.93,-0.62,11.8,0.57,False
0,1,166,-0.55,-0.97,-0.23,0.34,0.13,73,21,-0.7,-0.25,1.84,19,0.64,-1.29,-0.21,-0.69,2.4,-1.79,True
1,0,120,-0.9,-0.15,0.57,1.71,0.33,90,20,-0.85,0.09,0.3,-14,-0.31,1.48,-0.43,-1.76,5.2,1.25,True
1,1,136,-2.28,-0.62,-0.05,2.43,0.78,9,-4,0.77,2.14,0.62,-17,1.94,5.68,1.08,-0.64,13.1,3.71,True
1,0,16,2.22,-0.82,1.36,-0.08,-0.67,13,36,-0.36,-1.28,1.06,7,-0.21,2.35,0.74,-0.38,7.9,-2.97,False
0,1,203,-0.04,0.49,0.08,1.88,1.99,9,-6,-0.42,0.49,0.81,-10,0.93,1.14,-0.66,0.34,8.7,2.99,True
0,1,83,-2.99,0.16,1.93,2.34,-0.19,9,7,0.53,0.74,0.3,37,-0.6,-0.52,-0.87,-0.88,19.2,NaN,True
1,1,128,2.63,-0.57,0.12,1.72,-0.31,3,14,1.05,-0.81,0.43,-15,0.87,1.46,-1.65,-0.64,11.3,NaN,True
1,0,67,-0.96,-0.61,0.75,3.72,-1.2,121,3,0.63,-0.15,0.25,5,-1.03,0.39,1.38,-0.15,17.1,NaN,False
1,1,184,0.19,-0.85,-2.46,1.45,-0.69,7,-34,-0.7,0.47,0.81,-4,-1.96,-1.87,-0.56,-0.75,9.4,2.43,False
0,0,81,-2.94,1.68,-2.2,-0.07,-1.46,9,29,-2.11,-0.5,1.29,-11,-1.53,1.21,0.62,0.62,18.4,1.87,False
1,0,32,0.55,0.46,-0.4,1.61,0.39,108,5,1.36,-0.64,1.36,8,-1.04,-0.15,-0.38,-0.34,3.4,NaN,False
0,0,154,-3.01,-2.11,-1.48,2.73,0.7,60,-9,1.46,-0.43,0.79,-15,-0.22,-1.84,-1.54,0.4,23.6,-0.11,False
0,0,93,-1.86,-0.29,0.54,-1.35,0.23,54,24,-1.62,0.71,2.22,17,-0.5,-2.3,-1.76,1.43,6.7,-0.71,True
1,0,151,-1.14,0.06,0.02,1.39,2.48,26,-20,0.35,-2.11,0.44,18,0.84,-0.48,-0.4,-2.26,9.4,-1.19,False
1,1,157,-2.45,-1.61,0.18,1.77,-0.76,85,25,1.05,0.48,0.15,-7,0.57,-1.7,-1.09,-1.35,13.3,-0.41,True
1,0,146,-1.08,-1.42,0.2,0.62,1.53,70,8,0.01,0.92,0.6,-20,0.39,-0.25,-0.01,-0.32,6.9,-0.15,True
0,0,238,2.21,2.25,0.05,1.73,-1.08,9,5,-1.52,-0.14,0.18,2,-0.08,0.17,0.34,-1.18,15.1,NaN,True
0,0,26,0.54,0.48,1.23,1.77,-0.49,36,43,0.89,0.8,0.96,-12,-0.35,-0.72,-1.3,1.1,5.4,NaN,False
1,1,20,-0.48,-1.12,-0.05,2.42,0.75,66,-27,1.27,0.63,1.42,33,0.68,-0.24,0.27,0.55,8.9,-3.55,True
1,0,191,-0.3,-0.86,-0.49,3.71,2.08,29,29,1.5,2.15,0.24,20,-0.48,2.05,-0.34,-0.49,20.2,0.65,True
0,1,47,2.09,1.66,0.77,0.98,-0.58,11,2,0.12,0.73,0.42,26,-0.2,0.14,-0.44,-0.81,9,NaN,False
1,0,24,2.22,-0.19,0.45,-0.67,0.17,26,12,-1.68,-1.06,1.74,23,-1.05,-0.65,-0.99,-1.03,5.6,NaN,False
1,1,128,-1.64,-0.09,-1.16,0.47,-0.63,67,5,0.32,0.33,1.01,-30,-1.07,-1.36,-1.06,0.6,4.7,0.47,False
1,1,61,-0.36,1.41,-0.89,0.89,-1,0,-8,-0.8,0.6,1.39,-19,0.1,0.84,0.38,1.08,5.7,NaN,True
1,1,238,1.69,-0.82,0.75,1.15,-0.12,26,27,0.02,-0.95,1.55,-25,-0.18,-0.86,0.43,-0.3,6.4,-0.21,True
1,0,40,-1.33,-0.72,-0.51,2.4,-0.43,29,8,0.65,0.22,0.69,16,0.77,2.12,1.51,1.02,9.5,0.27,True
1,0,38,-2.12,-0.25,1.14,1.45,-1.8,88,-1,-0.51,0.77,0.99,-26,-0.44,-1.09,-0.28,-1.57,12.2,-0.29,True
1,0,54,2.69,-0.41,-0.41,0.18,-1.29,74,13,-1.13,-0.87,0.86,-14,-2.3,-1,0.81,0.46,9.3,-3.63,False
1,1,9,-3.07,-0.88,1.68,0.82,1.58,33,1,0.8,-0.49,0.38,-5,0.54,-0.38,0.02,1.51,16.2,-0.09,False
1,1,147,-2.65,0.18,1.14,1.75,0.2,34,37,-0.16,-0.65,1.71,19,-1.97,0.64,1.44,0.24,12.5,NaN,True
1,0,6,-0.02,0.33,0.12,2.78,-1.5,48,1,2.04,0.04,0.28,20,0.77,-1.35,-0.35,1.64,10.1,NaN,False
0,1,47,1.67,0.56,-1.41,0.63,0.04,36,24,0.21,0.96,0.05,-8,-0.23,-1.29,-0.52,1.1,5.5,-1.93,False
1,0,37,3.04,-0.24,-0.43,2.08,-0.32,28,-13,0.63,0.4,1.02,4,-0.72,3.82,1.43,1.2,14.9,-1.71,True
0,0,7,-1.78,1.18,-0.22,1.38,0.28,89,10,1.14,-0.39,0.42,4,0.2,-1.15,-0.59,-0.84,6.6,-1.89,False
1,1,131,1.27,-0.69,-1.63,-0.95,0.73,102,23,-1.12,-0.6,2.54,-5,-0.4,-1.18,-0.29,1.16,6.2,NaN,False
1,0,34,-0.94,-0.64,0.51,0.36,-0.28,29,-1,-0.66,-0.47,0.12,3,0.18,1.78,0.53,-0.03,1.8,0.51,False
1,0,86,1.04,-0.18,0.54,0.29,-1,33,11,-0.15,-0.12,1.27,-21,2.25,1.91,-0.24,-0.17,2.5,-0.81,False
1,1,22,0.19,-1.15,-0.04,1.36,-2.04,25,2,-0.98,-1.84,1.2,-1,2.19,-2.1,-0.81,0.46,8.4,3.93,True
1,1,111,-0.93,-0.29,0.26,1.23,-2.27,25,18,0.08,1.58,2.08,14,1.12,1.12,0.45,-0.31,8.7,NaN,True
1,0,102,0.34,1.83,-0.31,2.97,0.68,27,17,0.17,-1.39,0.01,4,1.12,2.37,1.77,-0.51,13.8,4.39,True
1,1,104,2.74,-1.34,1.48,4.51,1.08,58,-15,1.41,-0.88,0.89,-5,-0.77,-0.13,-0.21,1.91,33,-0.27,False
1,0,62,-2.11,0.25,0,3.65,-0.69,54,3,2.1,0.36,0.1,9,-0.14,2.4,-0.56,0.86,18.3,0.15,False
0,0,110,1.38,-0.36,-0.72,-0.32,1.35,19,24,-1.02,0.63,0.44,6,1.08,2.45,0.15,1.16,5.5,NaN,True
1,1,187,-1.06,-0.79,1.67,-1.54,-0.57,22,11,-1.59,1.5,1.59,-2,-0.24,-1.08,-0.02,0.46,7.2,0.25,False
0,0,22,1.48,-0.63,-1.42,1.85,-0.6,6,-5,0.16,-1.07,0.51,-20,0.47,1.18,-0.27,1.2,9.4,NaN,True
1,0,26,3.51,-0.23,-1.34,2.33,0.3,42,2,0.74,-0.68,0.83,-10,1.89,4.69,1,-0.51,19.7,NaN,False
1,0,149,-1.91,-1.52,-0.63,2.03,-0.64,11,-4,-0.16,0.5,0.64,-3,0.49,2.06,0.05,-1.82,11.9,NaN,True
0,1,61,2.66,-1.42,-0.2,1.95,-0.58,11,14,0.76,0.87,1.52,2,-0.93,3.29,-0.4,-0.15,14.3,NaN,True
1,0,236,-0.02,-1.16,0.02,2.97,-0.33,40,24,0.63,-0.62,1.42,21,2.52,-0.34,0.12,-1.46,11.3,1.25,True
1,1,136,-1.56,0.06,-1.28,1.36,-0.28,7,17,1.13,-0.37,0,1,-0.33,-0.81,0.23,-1.06,6,NaN,False
1,0,69,1.5,-0.88,-0.23,2.99,-0.14,8,34,1.15,-2,0.79,-5,-0.04,0.1,0.47,0.09,12,-0.07,False
1,0,70,-0.76,-0.43,3.22,-0.96,1.69,33,16,-1.48,-0.29,0.31,-7,-0.59,1.72,0.48,-0.61,15.9,0.57,True
0,0,46,1.13,-0.03,-0.09,1.96,1,63,0,0.57,0.37,1.02,13,0.44,-0.31,0.43,-0.27,7.1,-2.33,True
1,1,211,0.87,0.98,-1.29,2.89,-0.54,60,-28,1.16,1.14,1.96,12,-1.54,1.13,-1.06,-0.31,12,-0.25,False
0,0,132,0.9,0.12,0.22,0.4,-0.79,10,-6,-0.36,0.85,0.97,-18,-1.21,-1.74,-1.63,-2.1,1.7,-0.01,False
0,1,101,1.3,0.94,1.58,0.63,-0.84,20,15,-0.6,0.33,1.7,-1,-1.52,1.99,1.44,0.45,7.2,0.09,True
1,0,163,0.81,1.96,1.92,1.28,-0.35,0,-1,-0.37,0.35,1.01,-12,-0.03,-1.33,-0.75,-1.5,9.9,1.03,False
1,0,68,0.78,-0.54,1.62,-0.09,1,59,21,-0.85,0.57,0.17,5,-0.31,-0.64,-0.46,-1.62,4.5,NaN,False
0,1,83,-0.27,1.27,-2.21,0.85,0.24,81,5,0.07,-1.37,1,-4,-1.63,1.31,0.25,-0.73,8.4,NaN,True
1,0,15,-1.13,-0.43,-0.56,2.9,-1.58,33,-16,2.47,-0.25,0.79,3,0.12,2.46,1.08,0.03,13.7,-0.57,True
1,0,149,-0.7,-0.92,0.49,1.78,1.85,37,7,-0.03,-0.95,0.24,0,1.13,3.37,-0.79,0.2,9.2,1.23,True
1,1,20,1.29,-0.18,-0.08,-0.27,0.38,1,21,-0.33,-1.27,0.88,7,-1,2.58,1.07,1.16,2.9,0.03,True
1,1,47,1.79,1.9,0.51,3.4,0.08,32,-4,1.02,-0.69,1.68,-23,-0.55,2.36,0.45,-0.18,18.6,NaN,False
1,1,54,-1.53,1.01,-0.4,2.08,0.06,28,1,1.24,1.38,1.71,11,0.64,1.34,-0.7,0.67,8.9,NaN,True
0,0,28,-1.8,-1.54,-0.31,2.38,2.15,24,23,1.3,0.64,0.14,-22,-0.33,1.54,0.87,-1.75,16,1.59,False
0,1,35,-3.34,-1.56,0.22,0.1,0.56,2,25,-0.91,1.2,1.38,-4,0.02,0.53,-0.5,-0.22,14,0.71,False
0,0,161,1.02,1.24,0.89,-0.22,0.9,70,14,-1.13,-0.21,0.38,12,0.16,0.27,-0.12,-0.74,5.2,NaN,True
1,1,103,0.87,1.09,-0.01,-0.1,-0.66,16,-34,-1.59,-0.99,0.39,-7,1.12,-0.93,-1.48,-0.38,2.4,0.57,False
1,1,97,-0.63,0.18,-0.27,1.5,-0.39,62,23,0.98,-2.89,1.2,7,-0.05,1.88,-1.29,1.55,3.9,-0.33,True
1,0,246,-0.11,-0.52,-0.86,0.19,1.63,18,38,-1.06,-1.17,1.26,-37,-2.6,-0.18,-0.3,0.7,4.7,2.97,True
1,1,299,-0.68,-0.43,-0.09,1.13,1.32,53,4,0.16,0.91,1.57,-6,0.93,1.87,1.38,-1.36,3.7,NaN,False
1,1,8,-1.46,0.79,-0.64,0.83,1.13,46,37,0.22,0.84,0.02,-4,0.67,0.81,0.74,-0.82,5.1,NaN,False
0,0,28,-2.24,-0.29,1.99,-0.57,-1.35,94,-37,-0.92,-0.76,0.79,-2,-0.92,0.3,0.21,-0.52,12.2,NaN,True
0,0,10,2.17,1.57,2.1,-0.34,0.36,33,23,-2.29,-0.32,0.79,-8,1.58,-0.02,0.47,-1.16,11.8,NaN,False
1,0,37,0.05,-1.76,0.05,1.88,0.52,18,3,1.35,-0.77,0.34,25,0.24,-2.08,-0.59,1.01,6.9,NaN,False
0,0,108,-0.26,-1.07,0.38,1.66,0.66,50,2,-0.17,-0.18,0.97,-7,-1.24,-1.5,-1.48,-1.34,4.5,NaN,False
1,1,26,-0.62,2.11,-0.74,1.22,0.91,61,19,0.94,-1.37,1.77,13,-1.23,0.14,0.97,1.49,8.7,-0.13,True
1,0,64,-1.29,0.16,1.06,-0.29,0.64,97,-35,-1.73,1.06,0.36,16,0.64,-1.63,-0.82,0.22,3.3,NaN,False
1,0,146,1.82,-1.8,0.34,-0.05,1.17,0,27,-0.53,1.63,1.33,-27,-0.71,0.93,0.46,-0.5,9,0.59,True
1,1,43,-2.65,0,0.23,3.33,-0.55,27,23,1.54,-0.55,0.43,-5,-0.76,-1.83,0.76,-0.07,18.5,1.53,False
0,1,122,-1.91,-1.34,-0.3,0.39,-1.32,54,6,-0.9,0.99,1.78,18,-1.63,-1.03,-1.78,-0.22,8.4,-0.07,True
0,1,196,2.16,1.38,-0.21,2.67,0.73,55,4,0.8,0,0.77,-13,1.1,-2.46,0.9,0.19,15.3,-0.79,True
1,1,3,-1.42,1.39,0.42,1.08,0.41,40,-1,0.24,0.57,0.49,22,0.94,0.48,0.09,-1.4,5.5,-0.69,False
1,0,108,-1.81,-0.3,-0.63,-0.52,1.91,9,-6,-0.95,-0.98,1.32,5,-2.2,-1.67,-1.49,-1.51,7.7,-0.07,False
0,0,40,0.21,-1.29,1.8,0.71,-2.47,4,25,-0.87,-0.32,2.22,21,-0.73,0.78,-0.42,1.52,11.6,-1.49,False
1,1,243,-2.69,0.28,-0.41,4.38,0.84,49,-10,1.35,0.41,0.46,9,0.76,-0.45,-1.33,0.22,28.4,NaN,True
1,1,145,-0.08,0.79,-1.04,2,-1.08,58,10,0.62,-0.87,2.03,13,0.73,1.8,-0.45,-0.3,6.9,-1.75,False
1,1,23,1.28,1.32,0.87,0.25,-1.38,13,-17,-1.07,-0.2,0.63,3,0.12,0.61,-0.21,0.06,7.1,NaN,True
0,0,39,-0.07,0.16,-0.6,0.79,0.29,20,39,-0.02,-1.06,1.31,-10,0.82,2.24,0.28,0.63,1.1,0.17,False
1,0,196,-0.62,-1.83,-1.2,3.86,-0.13,16,3,1.74,-0.76,0.05,-24,0.59,0.5,0.85,-0.55,21.1,NaN,True
0,0,110,-1.72,-1.05,0.4,1.48,-0.6,4,-20,0.79,1.23,1.31,-5,-0.36,0.79,-1.25,-0.56,6.8,1.21,False
1,0,22,1.82,-0.87,1.83,1.78,-0.35,55,-12,1.53,0.52,4,7,-0.31,1.25,0.44,0.41,11.7,-2.15,True
1,0,72,3.03,-0.43,-0.97,0.11,0.86,56,-4,-0.18,0.31,0.44,4,-0.25,-0.17,0.76,-1.29,11.1,-4.13,False
0,0,28,-1.79,0.45,1.4,2.25,-1.49,34,19,1.58,1.09,0.24,4,0.96,0.47,0.17,-0.99,12.6,NaN,False
0,1,137,-1.79,0.88,1.52,-0.33,-0.53,27,-10,-1.46,2.61,1.88,-7,-0.55,2.95,0.25,0.73,6.7,NaN,False
0,0,93,1.03,-0.18,-0.13,4.07,1.18,9,23,2.53,0.4,1.47,-8,-1.82,2.94,-0.49,0.73,19.1,0.01,False
1,1,57,0.15,-0.82,-0.33,-1.58,-0.33,4,10,-1.98,-0.8,1.15,-3,1.45,0.15,-1.02,-0.48,3.4,NaN,False
0,0,19,1.57,0.37,0.84,4.83,-0.06,17,34,2.41,0.64,1.84,0,-0.07,2.27,0.33,1.34,26.6,0.37,False
1,1,78,1.06,0.91,0.39,1.81,-1.83,48,-3,-0.07,-0.27,0.68,3,1.21,0.44,-0.73,-1.93,8.7,-0.61,False
0,0,176,0.34,-0.61,-0.42,2.27,-0.21,37,25,1.36,-0.42,1.39,19,1.32,2.89,1.37,1.93,5.9,-2.89,False
1,1,16,-1.05,0.07,-0.33,0.48,1.24,60,-17,-0.56,0.84,1.32,-18,-0.83,-4.08,-2.16,-1.99,4,1.27,True
1,0,141,-2.17,0.06,-0.83,2.69,-0.19,6,40,0.73,0.38,1.55,17,-0.08,2.21,0.64,-1,12.7,-0.13,False
1,1,174,-1.7,1.03,0.12,2.52,0.11,36,-4,0.35,0.04,0.27,-2,-1.29,3.19,0.57,0.47,11.3,2.73,True
1,1,150,-2.27,-1.27,0.44,1.78,-0.31,16,38,0.78,1.06,1.2,16,0.72,1.31,-0.76,-1.73,11.2,1.41,True
1,1,107,0.63,-1.35,1.33,1.08,1.14,47,-3,0.54,1.4,0.74,-4,-0.41,-1.67,-0.61,-0.15,6.5,-0.73,False
1,1,98,0.05,0.02,0.31,2.65,-3.23,44,32,1.33,-1.98,0.48,34,-0.83,0.61,-0.33,0.75,18.6,-1.95,True
0,0,316,-0.38,0.85,1.67,2.89,0.3,49,2,1.84,-1.32,0.14,-2,-1.19,-0.39,0.48,-0.29,13.1,NaN,True
1,0,19,0.32,0.54,0.06,1.2,-0.14,2,25,0.7,0.11,0.36,-28,-0.33,1.36,0.61,0.13,1.9,-0.35,False
1,0,20,-0.05,0.36,1.6,0.57,1.31,17,29,-1.71,1.03,0.49,-6,-1.47,-0.76,-1.17,-1.24,5.7,NaN,True
1,1,230,1.59,-1.25,0.25,1.87,-0.02,26,-3,1.4,-0.61,0.24,16,0.83,-0.31,-0.2,-1.01,8.7,NaN,True
1,0,39,0.96,-0.22,-0.31,1.14,-0.84,3,6,-1.27,0.61,0.25,29,-0.73,-0.37,-0.44,1.48,3.1,-0.43,False
1,0,41,1.3,-1.53,1.61,1.15,-0.74,93,-6,0.21,0.25,0.83,-21,0.52,-1.04,-0.79,-0.54,8.5,NaN,False
0,1,12,2.26,0.16,-0.84,-0.15,-0.48,68,-6,-0.49,-0.28,2.1,-6,1.2,-1.07,0.26,0.33,7.1,NaN,True
1,1,51,-0.63,-0.29,2.04,0.37,-0.36,27,-9,0.35,-0.09,0.67,-16,0.46,-0.33,0.18,-0.82,4.9,-0.17,False
0,0,3,-0.46,-0.13,2.31,4.03,0.14,45,30,2.12,-0.87,0.01,-23,0.06,-1.25,-1.43,-1.9,21.8,0.71,False
0,0,87,-4.15,-0.82,0.55,3.45,-0.86,55,-32,-0.13,1.18,1.09,-23,-1.17,1.79,1.08,-0.73,31.8,6.13,True
0,1,108,-0.24,0.22,0.43,0.68,0.95,52,-17,-1.01,0.02,2.03,-1,-0.3,-0.13,-0.22,-0.07,2.7,0.67,True
0,1,35,-0.89,1.64,-0.29,2.19,-0.44,49,24,0.81,1.91,0.77,-25,1.71,2.16,0.12,-1.11,8.6,0.61,False
0,0,22,2.06,1.98,-1.21,1.56,0.43,36,12,0.59,0.45,2.3,9,-0.15,2.53,1.69,0.54,13.2,-1.35,True
1,0,167,-3.98,-1.17,0.03,-2.33,-1.09,26,8,-3.47,-0.32,0.16,-14,-1.08,-1.39,-0.57,-0.84,23.8,0.59,False
1,1,181,0.93,2.09,0.39,0.75,-0.38,18,8,0.04,-0.76,0.18,-12,-0.27,-0.37,1.78,-0.96,7.1,0.67,True
1,1,98,0.47,-0.2,0.14,2.05,-1.04,32,5,0.63,-0.33,1.85,-1,-0.49,0.02,-0.01,0.54,5.6,NaN,False
1,1,27,-3.13,-0.7,-1.09,-0.3,-1.41,27,2,-0.54,-0.31,0.68,-9,1.51,-0.1,-0.2,0.38,13.6,0.91,False
1,1,176,1.53,-0.79,0.06,1.34,-0.86,55,11,1.34,0.68,0.28,21,0.21,-0.87,-1.04,-1.09,5.5,-3.49,False
0,0,83,0.06,1.28,1.29,2.79,0.32,3,15,0.82,-1.01,1.4,9,-1.38,2.21,0.2,0.94,11.2,NaN,False
1,0,21,2.81,0.22,0.32,0.33,0.78,15,8,0.22,0.51,0.41,-2,-0.46,0.69,-0.84,0.1,9.8,NaN,True
1,1,48,-1.24,-0.98,-0.7,1.64,-1,47,-20,-0.2,-0.42,0.52,-2,-0.11,1.76,1.09,1.43,6.7,1.13,False
1,1,57,0.99,1.42,0.25,2.33,2.15,87,24,-0.39,-0.6,1.24,-3,-0.31,-2.9,-1.12,1.12,13.1,NaN,False
1,1,66,-1.49,-0.85,-0.87,-0.64,-0.04,79,33,-0.88,-0.66,0.11,18,0.61,1.9,0.6,0.32,5.1,-1.95,True
1,1,10,3.41,0.26,1.25,0.38,-0.26,64,4,-0.07,0.38,0.64,19,1.2,0.24,-0.07,-1.29,14.5,-5.33,True
1,0,106,1.05,1.04,0.3,2.88,0.22,23,4,2.32,1.32,0.13,3,-0.32,-0.71,0.22,-0.61,10.6,-0.89,False
1,1,124,2.3,-0.19,0.05,2.97,-1.06,77,10,-0.68,0.46,0.26,-20,-0.21,1.05,-2.42,-1.11,16.3,2.41,True
1,0,30,1.9,0.16,-1.65,2.35,-1.1,0,-22,0.42,0.61,0.26,6,1.78,2.57,0.51,1.46,14.1,0.39,True
1,0,109,1.27,-0.7,0.89,1.91,-0.08,37,24,0,-0.17,2,2,0.21,-0.2,-0.81,1.1,6.5,NaN,False
1,1,20,-1.26,0.83,0.52,2.79,0.92,30,-2,-0.13,0.4,1.45,2,0.49,0.51,-0.78,-0.68,12.2,NaN,True
0,1,4,0.65,-0.45,0.75,3.05,0.38,15,-12,1.06,-1.6,0.28,11,-1.08,1.9,0.61,0.28,10.6,1.07,False
0,1,29,2.73,-0.43,-0.74,-0.12,0.38,85,-21,-1.1,-0.64,0.49,13,-0.38,1.25,0.74,-0.04,9.3,NaN,True
1,0,34,0.88,0.32,-0.28,1.49,-0.08,7,4,-0.34,0.41,0.57,-14,-1,1.73,0.49,0.68,3.2,1.47,False
1,0,210,-1.6,-0.2,-0.49,2.23,0.01,40,-20,0.33,-0.78,1.36,21,1.27,-0.57,-0.49,-1.1,7.8,NaN,False
1,1,48,-0.6,0.06,-0.49,1.85,0.99,5,14,-1.74,0.83,0.06,-18,2.39,0.6,1.78,-1.26,5,5.53,False
1,1,291,-0.1,0.21,-0.92,1,-1.35,69,31,-1.57,-0.04,1.86,15,0.5,1.95,1.59,0.43,4.7,2.37,True
1,0,44,-0.37,1.26,0.88,0.12,-1.04,6,18,-0.18,-0.4,0.95,6,-0.39,0.81,-1.44,-0.79,3.6,-0.65,False
1,0,88,-0.64,-0.39,1.53,-0.67,0.16,69,-7,-0.76,-0.29,0.26,16,0.84,-0.14,-0.23,-0.45,4.4,-1.99,True
1,1,102,-1.98,-1.32,1.07,1.83,0.91,43,4,1.54,0.12,1.14,-8,1.2,0.38,-2.78,-1.91,11,0.51,False
0,0,7,-0.37,-0.89,1.63,-0.31,2.4,58,-5,-0.99,1.27,1.3,6,-0.38,-2.11,-0.98,-0.29,10.4,-0.17,True
1,1,51,1.11,1.14,-0.58,0.77,-1.36,7,45,-0.88,-1.08,0.26,-7,-0.26,1.35,-0.74,-1.28,5.3,0.67,False
1,1,69,-0.26,0.52,-2.45,2.09,-0.98,7,-3,1.29,-0.53,0.31,10,1.65,-0.35,-0.09,1.41,11.7,-0.33,False
1,1,100,0.42,-0.96,0.2,0.76,0.81,32,-17,-0.46,1.08,2.27,-11,1.88,0.44,0.16,-1.41,3.4,0.91,True
1,1,206,2.72,-1.09,-0.12,4.19,-0.44,43,22,1.45,-0.95,0.65,-13,0.13,3.08,-2.05,-0.84,27.4,1.55,True
1,0,49,1.07,1.57,0.01,2.92,1.14,43,-13,1.33,-0.61,0.85,-15,1.03,-0.34,0.03,0.19,14.4,0.65,True
0,1,35,2.09,0.52,0.26,1.55,0.66,15,-7,0.67,-3.57,0.23,-22,1.55,-1.09,-1.49,-2.01,8.5,0.93,True
1,1,22,-0.75,1.89,-0.05,0.34,0.57,60,-10,0.28,1.06,0.29,-14,-0.11,-0.9,-0.52,-1.45,4.6,-0.81,False
1,1,191,-0.01,0.06,-1.97,2.47,1.11,86,-2,-0.31,-0.53,1.55,0,-0.75,0.99,1.74,-1.61,11.2,0.99,False
0,1,151,-0.33,0.96,-2.84,3.53,-0.18,33,2,-0.01,-1.34,0.92,-6,0.28,0.95,0.23,-0.09,21.6,4.97,False
0,1,231,-2.77,-0.18,-0.94,2.18,-0.34,32,3,0.06,-0.26,1.36,-3,-0.17,1.01,-1.87,-0.47,13.5,NaN,False
1,1,85,2.07,0.08,1.93,-0.87,0.42,101,6,-1.06,-0.85,2.61,3,0.95,-0.83,-0.68,-0.44,9.9,NaN,True
0,1,12,-0.01,1.63,0.26,1.78,-0.6,17,-12,0.62,0.76,0.43,18,0.32,-2.46,-1.34,-1.39,7.3,0.51,True
1,0,64,-0.67,1.15,-1.39,1.3,0.25,39,23,1.19,-0.69,0.6,-23,-0.16,2.72,0.46,-0.07,5.5,-0.17,False
1,1,138,1.36,0.4,1.05,4,0.87,36,16,0.27,-0.93,0.7,23,0.23,-1.24,-0.65,1.26,20.9,2.87,True
0,0,102,2.06,0.09,0.84,3.63,1.22,57,-2,-0.32,-0.38,0.56,-6,-0.08,-1.29,-0.03,0.47,19.6,1.83,False
1,0,211,0.18,1.71,0.3,1.22,1.16,47,-49,-0.21,-0.77,0.78,7,-0.27,-0.45,-0.89,0,5.9,-1.03,False
1,0,94,-0.86,1.06,0.66,1.25,1.25,23,5,-0.1,0.68,0.11,-8,0.42,1.58,-0.79,-1.2,6.4,NaN,True
1,1,104,0.23,1.72,-1.41,3.46,0.54,31,-19,0.92,-0.77,1.84,-13,1.37,-1.56,0.11,-0.01,18.3,3.65,True
